member_id,member_first_name,member_last_name,address_id,gender,member_dob,claim_id,coverage_id
4000,Kadeem,Bush,3457," Not Answered",13-03-1993,900,1000001
4001,Dana,Guerrero,4557,"Male ",26-02-1974,901,1000002
4002,Gretchen,Browning,2235," Not Answered",18-12-1971,902,1000003
4003,Calista,Vance,4366," Female ",20-10-1989,903,1000004
4004,Evan,Simon,2265,"Male ",16-05-2008,904,1000005
4005,Amal,Whitehead,2041," Female ",16-02-1992,905,1000006
4006,Rhoda,Mckay,3286,"Male ",20-05-1996,906,1000007
4007,Porter,Battle,3960," Not Answered",09-12-1980,907,1000008
4008,Leah,Carrillo,4542," Female ",02-12-1973,908,1000009
4009,Maris,Santiago,3519,"Male ",26-05-1976,909,1000010
4010,Yolanda,Bryan,2157," Female ",27-01-2006,910,1000011
4011,Hunter,Mcdowell,1591," Female ",25-07-1980,911,1000012
4012,Colton,Wiggins,2061," Not Answered",15-03-1989,912,1000013
4013,Evangeline,Cervantes,1073," Female ",25-11-1984,913,1000014
4014,Brynne,Nash,4806," Female ",02-11-2009,914,1000015
4015,Jaquelyn,Flynn,1419,"Male ",23-04-1995,915,1000016
4016,Zeus,Matthews,2583,"Male ",26-11-1994,916,1000017
4017,Shelby,Chandler,4067,"Male ",21-01-1974,917,1000018
4018,Latifah,Goodman,3381,"Male ",07-05-1986,918,1000019
4019,Chester,Powers,2107,"Male ",14-02-1998,919,1000020
4020,Keely,Pena,2224," Female ",01-03-1980,920,1000021
4021,Jordan,Hill,4160," Female ",28-08-1994,921,1000022
4022,Adrienne,Cash,2743," Not Answered",05-06-2003,922,1000023
4023,Victor,Le,4908," Not Answered",21-03-1988,923,1000024
4024,Mariam,Whitaker,4583," Not Answered",21-01-1997,924,1000025
4025,Neville,Whitney,4471," Not Answered",08-11-1981,925,1000026
4026,Kristen,Cantrell,4841,"Male ",03-04-2005,926,1000027
4027,Kennan,Kinney,3912,"Male ",09-06-1995,927,1000028
4028,Jolene,Bridges,2937," Not Answered",23-04-1997,928,1000029
4029,Keaton,Dean,1357,"Male ",09-09-2002,929,1000030
4030,Rooney,Hoffman,3590," Not Answered",12-12-1985,930,1000031
4031,Candice,Skinner,3037,"Male ",28-06-1981,931,1000032
4032,Aphrodite,Dixon,1772," Female ",09-02-1977,932,1000033
4033,Gregory,Johnson,4321,"Male ",27-08-1973,933,1000034
4034,Plato,Stuart,1251," Not Answered",05-11-1990,934,1000035
4035,Chase,Mueller,2291,"Male ",14-02-1993,935,1000036
4036,Debra,Stokes,3853,"Male ",30-08-1982,936,1000037
4037,Zenia,Rice,1271," Not Answered",01-02-1976,937,1000038
4038,Zephr,Jensen,1726,"Male ",31-10-1997,938,1000039
4039,Laura,Livingston,4057," Not Answered",19-11-1974,939,1000040
4040,Adria,Macias,3105,"Male ",03-07-2002,940,1000041
4041,Tashya,Bowen,1795," Not Answered",25-07-2010,941,1000042
4042,Carlos,Shaffer,3297," Female ",28-10-1998,942,1000043
4043,Silas,Miller,4476," Female ",27-01-1975,943,1000044
4044,Marcia,Farrell,4027," Female ",23-01-1986,944,1000045
4045,Shana,Ferguson,4989,"Male ",02-08-1970,945,1000046
4046,Dacey,Finch,3110," Female ",03-05-1976,946,1000047
4047,Jeremy,Powell,1420," Female ",26-01-2006,947,1000048
4048,Melyssa,Ingram,2555," Female ",31-10-1972,948,1000049
4049,Kylee,Greer,1578,"Male ",06-10-2008,949,1000050
4050,Josephine,Rhodes,3877," Not Answered",15-12-1998,950,1000051
4051,Abigail,Mosley,1052," Female ",30-08-1987,951,1000052
4052,Hiroko,Mercado,1741," Not Answered",23-04-2006,952,1000053
4053,Gil,Conner,3986," Female ",15-07-2000,953,1000054
4054,Hamish,Hebert,2831,"Male ",26-05-1997,954,1000055
4055,Lane,Weiss,3423,"Male ",12-11-1970,955,1000056
4056,Ruby,Travis,3913," Female ",08-06-2004,956,1000057
4057,Olivia,Mercer,1946," Not Answered",01-06-1997,957,1000058
4058,Dana,Langley,4518," Female ",26-04-2004,958,1000059
4059,Paul,Hall,1653," Female ",05-06-1979,959,1000060
4060,Meghan,Schneider,4071,"Male ",14-02-1981,960,1000061
4061,Britanni,Sloan,2843,"Male ",25-10-1980,961,1000062
4062,Piper,Weber,1537,"Male ",31-03-1983,962,1000063
4063,Linus,Garner,3860," Female ",07-06-1973,963,1000064
4064,Teegan,Wolfe,4753," Not Answered",11-08-1971,964,1000065
4065,Rajah,Winters,4514," Not Answered",24-06-1991,965,1000066
4066,Mia,Mcgee,4875,"Male ",24-09-1989,966,1000067
4067,Knox,Boyd,1861,"Male ",12-04-1975,967,1000068
4068,Nelle,Howell,1511," Female ",29-12-1991,968,1000069
4069,Christine,Morris,1354," Female ",20-01-1999,969,1000070
4070,Emily,Vincent,4272,"Male ",29-08-1999,970,1000071
4071,India,Harding,4266," Not Answered",22-01-1995,971,1000072
4072,Carl,Simmons,1217," Female ",13-05-1976,972,1000073
4073,Daniel,Hunter,4823," Not Answered",02-10-1983,973,1000074
4074,Autumn,Henson,4969,"Male ",02-04-1991,974,1000075
4075,Timon,Richard,3966," Female ",13-09-2007,975,1000076
4076,Ria,Wells,1706,"Male ",06-10-2002,976,1000077
4077,Leroy,Sears,3654," Not Answered",28-02-1972,977,1000078
4078,Charlotte,Colon,4833," Female ",19-06-1972,978,1000079
4079,Constance,Simon,3051,"Male ",15-09-2003,979,1000080
4080,India,Francis,2710," Not Answered",24-10-1970,980,1000081
4081,Davis,Perry,4132,"Male ",02-11-2003,981,1000082
4082,Hannah,Barker,1911," Female ",15-07-1985,982,1000083
4083,Lee,Reese,3633," Not Answered",24-02-1971,983,1000084
4084,Vernon,Ware,2332," Female ",18-03-1977,984,1000085
4085,Leslie,Mason,3008," Not Answered",06-01-1977,985,1000086
4086,Paula,Adkins,1457," Female ",12-04-1995,986,1000087
4087,Wynter,Mullen,3196," Female ",07-02-1998,987,1000088
4088,Lila,Tran,2826," Female ",01-08-2006,988,1000089
4089,Rhiannon,Frye,2814,"Male ",07-08-1981,989,1000090
4090,Maxwell,Rocha,1736," Female ",16-02-1994,990,1000091
4091,Eve,Spence,1601," Not Answered",30-10-1999,991,1000092
4092,Lyle,William,1454," Female ",07-09-1991,992,1000093
4093,Inga,Knowles,3067," Female ",19-07-2010,993,1000094
4094,Briar,Hubbard,4346," Female ",21-10-1980,994,1000095
4095,Irene,Rutledge,4778," Not Answered",04-03-1987,995,1000096
